Date,Open,High,Low,Close,Volume
1/2/2019 16:00:00,1016.57,1052.32,1015.71,1045.85,1532608
1/3/2019 16:00:00,1041,1056.98,1014.07,1016.06,1841066
1/4/2019 16:00:00,1032.59,1070.84,1027.42,1070.71,2093894
1/7/2019 16:00:00,1071.5,1074,1054.76,1068.39,1981874
1/8/2019 16:00:00,1076.11,1084.56,1060.53,1076.28,1765267
1/9/2019 16:00:00,1081.65,1082.63,1066.4,1074.66,1199272
1/10/2019 16:00:00,1067.66,1071.15,1057.71,1070.33,1456421
1/11/2019 16:00:00,1063.18,1063.78,1048.48,1057.19,1520756
1/14/2019 16:00:00,1046.92,1051.53,1041.26,1044.69,1144263
1/15/2019 16:00:00,1050.17,1080.05,1047.34,1077.15,1463570
1/16/2019 16:00:00,1080,1092.38,1079.34,1080.97,1331819
1/17/2019 16:00:00,1079.47,1091.8,1073.5,1089.9,1242664
1/18/2019 16:00:00,1100,1108.35,1090.9,1098.26,1955559
1/22/2019 16:00:00,1088,1091.51,1063.47,1070.52,1613527
1/23/2019 16:00:00,1077.35,1084.93,1059.75,1075.57,966956
1/24/2019 16:00:00,1076.48,1079.47,1060.7,1073.9,1361673
1/25/2019 16:00:00,1085,1094,1081.82,1090.99,1119216
1/28/2019 16:00:00,1080.11,1083,1063.8,1070.08,1284281
1/29/2019 16:00:00,1072.68,1075.15,1055.86,1060.62,1021819
1/30/2019 16:00:00,1068.43,1091,1066.85,1089.06,1279822
1/31/2019 16:00:00,1103,1117.33,1095.41,1116.37,1538324
2/1/2019 16:00:00,1112.4,1125,1104.89,1110.75,1462208
2/4/2019 16:00:00,1112.66,1132.8,1109.02,1132.8,2576470
2/5/2019 16:00:00,1124.84,1146.85,1117.25,1145.99,3552194
2/6/2019 16:00:00,1139.57,1147,1112.77,1115.23,2105592
2/7/2019 16:00:00,1104.16,1104.84,1086,1098.71,2044827
2/8/2019 16:00:00,1087,1098.91,1086.55,1095.06,1075769
2/11/2019 16:00:00,1096.95,1105.95,1092.86,1095.01,1065194
2/12/2019 16:00:00,1106.8,1125.3,1105.85,1121.37,1609513
2/13/2019 16:00:00,1124.99,1134.73,1118.5,1120.16,1049781
2/14/2019 16:00:00,1118.05,1128.23,1110.45,1121.67,947632
2/15/2019 16:00:00,1130.08,1131.67,1110.65,1113.65,1449830
2/19/2019 16:00:00,1110,1121.89,1110,1118.56,1046628
2/20/2019 16:00:00,1119.99,1123.41,1105.28,1113.8,1087817
2/21/2019 16:00:00,1110.84,1111.94,1092.52,1096.97,1415473
2/22/2019 16:00:00,1100.9,1111.24,1095.6,1110.37,1049545
2/25/2019 16:00:00,1116,1118.54,1107.27,1109.4,1413061
2/26/2019 16:00:00,1105.75,1119.51,1099.92,1115.13,1471743
2/27/2019 16:00:00,1106.95,1117.98,1101,1116.05,968760
2/28/2019 16:00:00,1111.3,1127.65,1111.01,1119.92,1542609
3/1/2019 16:00:00,1124.9,1142.97,1124.75,1140.99,1450316
3/4/2019 16:00:00,1146.99,1158.28,1130.69,1147.8,1446047
3/5/2019 16:00:00,1150.06,1169.61,1146.2,1162.03,1443174
3/6/2019 16:00:00,1162.49,1167.57,1155.49,1157.86,1099289
3/7/2019 16:00:00,1155.72,1156.76,1134.91,1143.3,1166559
3/8/2019 16:00:00,1126.73,1147.08,1123.3,1142.32,1212489
3/11/2019 16:00:00,1144.45,1176.19,1144.45,1175.76,1719192
3/12/2019 16:00:00,1178.26,1200,1178.26,1193.2,2013115
3/13/2019 16:00:00,1200.65,1200.93,1191.94,1193.32,1435936
3/14/2019 16:00:00,1194.51,1197.88,1184.48,1185.55,1172815
3/15/2019 16:00:00,1193.38,1196.57,1182.61,1184.46,2459957
3/18/2019 16:00:00,1183.3,1190,1177.42,1184.26,1292633
3/19/2019 16:00:00,1188.81,1200,1185.87,1198.85,1520688
3/20/2019 16:00:00,1197.35,1227.14,1196.17,1223.97,2227786
3/21/2019 16:00:00,1216,1231.79,1213.15,1231.54,1204045
3/22/2019 16:00:00,1226.32,1230,1202.83,1205.5,1714247
3/25/2019 16:00:00,1196.93,1206.4,1187.04,1193,1496843
3/26/2019 16:00:00,1198.53,1202.83,1176.72,1184.62,1901156
3/27/2019 16:00:00,1185.5,1187.56,1159.37,1173.02,1400240
3/28/2019 16:00:00,1171.54,1171.57,1159.43,1168.49,1012430
3/29/2019 16:00:00,1174.9,1178.99,1162.88,1173.31,1269979
4/1/2019 16:00:00,1184.1,1196.66,1182,1194.43,1252757
4/2/2019 16:00:00,1195.32,1201.35,1185.71,1200.49,827973
4/3/2019 16:00:00,1207.48,1216.3,1200.5,1205.92,1017838
4/4/2019 16:00:00,1205.94,1215.67,1204.13,1215,950747
4/5/2019 16:00:00,1214.99,1216.22,1205.03,1207.15,907152
4/8/2019 16:00:00,1207.89,1208.69,1199.86,1203.84,860363
4/9/2019 16:00:00,1196,1202.29,1193.08,1197.25,876381
4/10/2019 16:00:00,1200.68,1203.79,1196.44,1202.16,724643
4/11/2019 16:00:00,1203.96,1207.96,1200.13,1204.62,710231
4/12/2019 16:00:00,1210,1218.35,1208.11,1217.87,933794
4/15/2019 16:00:00,1218,1224.2,1209.11,1221.1,1187519
4/16/2019 16:00:00,1225,1230.82,1220.12,1227.13,856304
4/17/2019 16:00:00,1233,1240.56,1227.82,1236.34,1221930
4/18/2019 16:00:00,1239.18,1242,1234.61,1236.37,1331823
4/22/2019 16:00:00,1235.99,1249.09,1228.31,1248.84,807334
4/23/2019 16:00:00,1250.69,1269,1246.38,1264.55,1319910
4/24/2019 16:00:00,1264.12,1268.01,1255,1256,1018753
4/25/2019 16:00:00,1264.77,1267.41,1252.03,1263.45,1107295
4/26/2019 16:00:00,1269,1273.07,1260.32,1272.18,1241428
4/29/2019 16:00:00,1274,1289.27,1266.29,1287.58,2499432
4/30/2019 16:00:00,1185,1192.81,1175,1188.48,6207027
5/1/2019 16:00:00,1188.05,1188.05,1167.18,1168.08,2642983
5/2/2019 16:00:00,1167.76,1174.19,1155,1162.61,1944817
5/3/2019 16:00:00,1173.65,1186.8,1169,1185.4,1980653
5/6/2019 16:00:00,1166.26,1190.85,1166.26,1189.39,1563943
5/7/2019 16:00:00,1180.47,1190.44,1161.04,1174.1,1551368
5/8/2019 16:00:00,1172.01,1180.42,1165.74,1166.27,1309514
5/9/2019 16:00:00,1159.03,1169.66,1150.85,1162.38,1185973
5/10/2019 16:00:00,1163.59,1172.6,1142.5,1164.27,1314546
5/13/2019 16:00:00,1141.96,1147.94,1122.11,1132.03,1860648
5/14/2019 16:00:00,1137.21,1140.42,1119.55,1120.44,1836604
5/15/2019 16:00:00,1117.87,1171.33,1116.67,1164.21,2289302
5/16/2019 16:00:00,1164.51,1188.16,1162.84,1178.98,1531404
5/17/2019 16:00:00,1168.47,1180.15,1160.01,1162.3,1208623
5/20/2019 16:00:00,1144.5,1146.8,1131.44,1138.85,1353292
5/21/2019 16:00:00,1148.49,1152.71,1137.94,1149.63,1160158
5/22/2019 16:00:00,1146.75,1158.52,1145.89,1151.42,914839
5/23/2019 16:00:00,1140.5,1145.97,1129.22,1140.77,1199300
5/24/2019 16:00:00,1147.36,1149.77,1131.66,1133.47,1112341
5/28/2019 16:00:00,1134,1151.59,1133.12,1134.15,1365166
5/29/2019 16:00:00,1127.52,1129.1,1108.22,1116.46,1538212
5/30/2019 16:00:00,1115.54,1123.13,1112.12,1117.95,951873
5/31/2019 16:00:00,1101.29,1109.6,1100.18,1103.63,1508203
6/3/2019 16:00:00,1065.5,1065.5,1025,1036.23,5130576
6/4/2019 16:00:00,1042.9,1056.05,1033.69,1053.05,2833483
6/5/2019 16:00:00,1051.54,1053.55,1030.49,1042.22,2168439
6/6/2019 16:00:00,1044.99,1047.49,1033.7,1044.34,1703244
6/7/2019 16:00:00,1050.63,1070.92,1048.4,1066.04,1802370
6/10/2019 16:00:00,1072.98,1092.66,1072.32,1080.38,1464248
6/11/2019 16:00:00,1093.98,1101.99,1077.6,1078.72,1437063
6/12/2019 16:00:00,1078,1080.93,1067.54,1077.03,1061255
6/13/2019 16:00:00,1083.64,1094.17,1080.15,1088.77,1058000
6/14/2019 16:00:00,1086.42,1092.69,1080.17,1085.35,1111643
6/17/2019 16:00:00,1086.28,1099.18,1086.28,1092.5,941602
6/18/2019 16:00:00,1109.69,1116.39,1098.99,1103.6,1386684
6/19/2019 16:00:00,1105.6,1107,1093.48,1102.33,1339218
6/20/2019 16:00:00,1119.99,1120.12,1104.74,1111.42,1262011
6/21/2019 16:00:00,1109.24,1124.11,1108.08,1121.88,1947591
6/24/2019 16:00:00,1119.61,1122,1111.01,1115.52,1395696
6/25/2019 16:00:00,1112.66,1114.35,1083.8,1086.35,1546913
6/26/2019 16:00:00,1086.5,1092.97,1072.24,1079.8,1810869
6/27/2019 16:00:00,1084,1087.1,1075.29,1076.01,1004477
6/28/2019 16:00:00,1076.39,1081,1073.37,1080.91,1693450
7/1/2019 16:00:00,1098,1107.58,1093.7,1097.95,1438504
7/2/2019 16:00:00,1102.24,1111.77,1098.17,1111.25,991755
7/3/2019 13:00:00,1117.41,1126.76,1113.86,1121.58,767011
7/5/2019 16:00:00,1117.8,1132.88,1116.14,1131.59,1264540
7/8/2019 16:00:00,1125.17,1125.98,1111.21,1116.35,1236419
7/9/2019 16:00:00,1111.8,1128.03,1107.17,1124.83,1330370
7/10/2019 16:00:00,1131.22,1142.05,1130.97,1140.48,1209466
7/11/2019 16:00:00,1143.25,1153.07,1139.58,1144.21,1195569
7/12/2019 16:00:00,1143.99,1147.34,1138.78,1144.9,863973
7/15/2019 16:00:00,1146.86,1150.82,1139.4,1150.34,903780
7/16/2019 16:00:00,1146,1158.58,1145,1153.58,1238807
7/17/2019 16:00:00,1150.97,1158.36,1145.77,1146.35,1170047
7/18/2019 16:00:00,1141.74,1147.61,1132.73,1146.33,1291281
7/19/2019 16:00:00,1148.19,1151.14,1129.62,1130.1,1647245
7/22/2019 16:00:00,1133.45,1139.25,1124.24,1138.07,1301846
7/23/2019 16:00:00,1144,1146.9,1131.8,1146.21,1093688
7/24/2019 16:00:00,1131.9,1144,1126.99,1137.81,1590101
7/25/2019 16:00:00,1137.82,1141.7,1120.92,1132.12,2209823
7/26/2019 16:00:00,1224.04,1265.55,1224,1250.41,4805752
7/29/2019 16:00:00,1241.05,1247.37,1228.23,1239.41,2223731
7/30/2019 16:00:00,1225.41,1234.87,1223.3,1225.14,1453263
7/31/2019 16:00:00,1223,1234,1207.76,1216.68,1725454
8/1/2019 16:00:00,1214.03,1234.11,1205.72,1209.01,1698510
8/2/2019 16:00:00,1200.74,1206.9,1188.94,1193.99,1645067
8/5/2019 16:00:00,1170.04,1175.24,1140.14,1152.32,2597455
8/6/2019 16:00:00,1163.31,1179.96,1160,1169.95,1709374
8/7/2019 16:00:00,1156,1178.45,1149.62,1173.99,1444324
8/8/2019 16:00:00,1182.83,1205.01,1173.02,1204.8,1467997
8/9/2019 16:00:00,1197.99,1203.88,1183.6,1188.01,1065658
8/12/2019 16:00:00,1179.21,1184.96,1167.67,1174.71,1003187
8/13/2019 16:00:00,1171.46,1204.78,1171.46,1197.27,1318009
8/14/2019 16:00:00,1176.31,1182.3,1160.54,1164.29,1578668
8/15/2019 16:00:00,1163.5,1175.84,1162.11,1167.26,1224739
8/16/2019 16:00:00,1179.55,1182.72,1171.81,1177.6,1349436
8/19/2019 16:00:00,1190.09,1206.99,1190.09,1198.45,1232517
8/20/2019 16:00:00,1195.25,1196.06,1182.11,1182.69,915605
8/21/2019 16:00:00,1193.15,1199,1187.43,1191.25,741053
8/22/2019 16:00:00,1194.07,1198.01,1178.58,1189.53,947906
8/23/2019 16:00:00,1181.99,1194.08,1147.75,1151.29,1688271
8/26/2019 16:00:00,1157.26,1169.47,1152.96,1168.89,1226441
8/27/2019 16:00:00,1180.53,1182.4,1161.45,1167.84,1077452
8/28/2019 16:00:00,1161.71,1176.42,1157.3,1171.02,802243
8/29/2019 16:00:00,1181.12,1196.06,1181.12,1192.85,1088858
8/30/2019 16:00:00,1198.5,1198.5,1183.8,1188.1,1129959
9/3/2019 16:00:00,1177.03,1186.89,1163.2,1168.39,1480420
9/4/2019 16:00:00,1176.71,1183.48,1171,1181.41,1068968
9/5/2019 16:00:00,1191.53,1213.04,1191.53,1211.38,1408601
9/6/2019 16:00:00,1208.13,1212.02,1202.52,1204.93,1072143
9/9/2019 16:00:00,1204,1220,1192.62,1204.41,1471880
9/10/2019 16:00:00,1195.15,1210,1194.58,1206,1260115
9/11/2019 16:00:00,1203.41,1222.6,1202.2,1220.17,1307033
9/12/2019 16:00:00,1224.3,1241.86,1223.02,1234.25,1725908
9/13/2019 16:00:00,1231.35,1240.88,1227.01,1239.56,1301350
9/16/2019 16:00:00,1229.52,1239.56,1225.61,1231.3,1053299
9/17/2019 16:00:00,1230.4,1235,1223.69,1229.15,958112
9/18/2019 16:00:00,1227.51,1235.61,1216.53,1232.41,1144333
9/19/2019 16:00:00,1232.06,1244.44,1232.02,1238.71,1000155
9/20/2019 16:00:00,1233.12,1243.32,1223.08,1229.93,2337269
9/23/2019 16:00:00,1226,1239.09,1224.17,1234.03,1075253
9/24/2019 16:00:00,1240,1246.74,1210.68,1218.76,1591786
9/25/2019 16:00:00,1215.82,1248.3,1210.09,1246.52,1593875
9/26/2019 16:00:00,1241.96,1245,1232.27,1241.39,1561882
9/27/2019 16:00:00,1243.01,1244.02,1214.45,1225.09,1354432
9/30/2019 16:00:00,1220.97,1226,1212.3,1219,1419676
10/1/2019 16:00:00,1219,1231.23,1203.58,1205.1,1358279
10/2/2019 16:00:00,1196.98,1196.99,1171.29,1176.63,1639237
10/3/2019 16:00:00,1180,1189.06,1162.43,1187.83,1663656
10/4/2019 16:00:00,1191.89,1211.44,1189.17,1209,1183264
10/7/2019 16:00:00,1204.4,1218.2,1203.75,1207.68,867149
10/8/2019 16:00:00,1197.59,1206.08,1189.01,1189.13,1141784
10/9/2019 16:00:00,1199.35,1208.35,1197.63,1202.31,876632
10/10/2019 16:00:00,1198.58,1215,1197.34,1208.67,932531
10/11/2019 16:00:00,1222.21,1228.39,1213.74,1215.45,1277144
10/14/2019 16:00:00,1212.34,1226.33,1211.76,1217.14,882039
10/15/2019 16:00:00,1220.4,1247.33,1220.4,1243.01,1395259
10/16/2019 16:00:00,1241.17,1254.74,1238.45,1243.64,1168174
10/17/2019 16:00:00,1250.93,1263.33,1249.94,1253.07,980510
10/18/2019 16:00:00,1253.46,1258.89,1241.08,1245.49,1352839
10/21/2019 16:00:00,1252.26,1254.63,1240.6,1246.15,1038042
10/22/2019 16:00:00,1247.85,1250.6,1241.38,1242.8,1047851
10/23/2019 16:00:00,1242.36,1259.89,1242.36,1259.13,928595
10/24/2019 16:00:00,1260.9,1264,1253.71,1260.99,1039868
10/25/2019 16:00:00,1251.03,1269.6,1250.01,1265.13,1213051
10/28/2019 16:00:00,1275.45,1299.31,1272.54,1290,2613237
10/29/2019 16:00:00,1276.23,1281.59,1257.21,1262.62,1886380
10/30/2019 16:00:00,1252.97,1269.36,1252,1261.29,1408851
10/31/2019 16:00:00,1261.28,1267.67,1250.84,1260.11,1455651
11/1/2019 16:00:00,1265,1274.62,1260.5,1273.74,1670072
11/4/2019 16:00:00,1276.45,1294.13,1276.36,1291.37,1500964
11/5/2019 16:00:00,1292.89,1298.93,1291.23,1292.03,1282711
11/6/2019 16:00:00,1289.46,1293.73,1282.5,1291.8,1152977
11/7/2019 16:00:00,1294.28,1323.74,1294.24,1308.86,2029970
11/8/2019 16:00:00,1305.28,1318,1304.37,1311.37,1251916
11/11/2019 16:00:00,1303.18,1306.43,1297.41,1299.19,1012429
11/12/2019 16:00:00,1300,1310,1295.77,1298.8,1085859
11/13/2019 16:00:00,1294.07,1304.3,1293.51,1298,853861
11/14/2019 16:00:00,1297.5,1317,1295.65,1311.46,1194305
11/15/2019 16:00:00,1318.94,1334.88,1314.28,1334.87,1782955
11/18/2019 16:00:00,1332.22,1335.53,1317.5,1320.7,1488083
11/19/2019 16:00:00,1327.7,1327.7,1312.8,1315.46,1269372
11/20/2019 16:00:00,1311.74,1315,1291.15,1303.05,1309835
11/21/2019 16:00:00,1301.48,1312.59,1293,1301.35,995499
11/22/2019 16:00:00,1305.62,1308.73,1291.41,1295.34,1386506
11/25/2019 16:00:00,1299.18,1311.31,1298.13,1306.69,1036487
11/26/2019 16:00:00,1309.86,1314.8,1305.09,1313.55,1069795
11/27/2019 16:00:00,1315,1318.36,1309.63,1312.99,996329
11/29/2019 13:00:00,1307.12,1310.21,1303.97,1304.96,586981
12/2/2019 16:00:00,1301,1305.83,1281,1289.92,1511851
12/3/2019 16:00:00,1279.57,1298.46,1279,1295.28,1268647
12/4/2019 16:00:00,1307.01,1325.8,1304.87,1320.54,1538110
12/5/2019 16:00:00,1328,1329.36,1316.44,1328.13,1212818
12/6/2019 16:00:00,1333.44,1344,1333.44,1340.62,1315510
12/9/2019 16:00:00,1338.04,1359.45,1337.84,1343.56,1355795
12/10/2019 16:00:00,1341.5,1349.98,1336.04,1344.66,1094653
12/11/2019 16:00:00,1350.84,1351.2,1342.67,1345.02,850796
12/12/2019 16:00:00,1345.94,1355.78,1340.5,1350.27,1281722
12/13/2019 16:00:00,1347.95,1353.09,1343.87,1347.83,1550028
12/16/2019 16:00:00,1356.5,1364.68,1352.67,1361.17,1397451
12/17/2019 16:00:00,1362.89,1365,1351.32,1355.12,1855259
12/18/2019 16:00:00,1356.6,1360.47,1351,1352.62,1656695
12/19/2019 16:00:00,1351.82,1358.1,1348.99,1356.04,1470112
12/20/2019 16:00:00,1363.35,1363.64,1349,1349.59,3316905
12/23/2019 16:00:00,1355.87,1359.8,1346.51,1348.84,883200
12/24/2019 13:00:00,1348.5,1350.26,1342.78,1343.56,347518
12/26/2019 16:00:00,1346.17,1361.33,1344.47,1360.4,667754
12/27/2019 16:00:00,1362.99,1364.53,1349.31,1351.89,1038718
12/30/2019 16:00:00,1350,1353,1334.02,1336.14,1051323
12/31/2019 16:00:00,1330.11,1338,1329.09,1337.02,962468
1/2/2020 16:00:00,1341.55,1368.14,1341.55,1367.37,1406731
1/3/2020 16:00:00,1347.86,1372.5,1345.54,1360.66,1187006
1/6/2020 16:00:00,1350,1396.5,1350,1394.21,1733149
1/7/2020 16:00:00,1397.94,1402.99,1390.38,1393.34,1511693
1/8/2020 16:00:00,1392.08,1411.58,1390.84,1404.32,1529177
1/9/2020 16:00:00,1420.57,1427.33,1410.27,1419.83,1502664
1/10/2020 16:00:00,1427.56,1434.93,1418.35,1429.73,1821566
1/13/2020 16:00:00,1436.13,1440.52,1426.02,1439.23,1653482
1/14/2020 16:00:00,1439.01,1441.8,1428.37,1430.88,1560453
1/15/2020 16:00:00,1430.21,1441.4,1430.21,1439.2,1282685
1/16/2020 16:00:00,1447.44,1451.99,1440.92,1451.7,1173688
1/17/2020 16:00:00,1462.91,1481.3,1458.22,1480.39,2396215
1/21/2020 16:00:00,1479.12,1491.85,1471.2,1484.4,2036780
1/22/2020 16:00:00,1491,1503.21,1484.93,1485.95,1610846
1/23/2020 16:00:00,1487.64,1495.52,1482.1,1486.65,1351354
1/24/2020 16:00:00,1493.59,1495.5,1465.25,1466.71,1784644
1/27/2020 16:00:00,1431,1438.07,1421.2,1433.9,1755201
1/28/2020 16:00:00,1443,1456,1432.47,1452.56,1577422
1/29/2020 16:00:00,1458.8,1465.43,1446.74,1458.63,1078667
1/30/2020 16:00:00,1439.96,1457.28,1436.4,1455.84,1339421
1/31/2020 16:00:00,1468.9,1470.13,1428.53,1434.23,2417214
2/3/2020 16:00:00,1462,1490,1458.99,1485.94,3055216
2/4/2020 16:00:00,1457.07,1469.5,1426.3,1447.07,3932954
2/5/2020 16:00:00,1462.42,1463.84,1430.56,1448.23,1986157
2/6/2020 16:00:00,1450.33,1482,1449.57,1476.23,1679384
2/7/2020 16:00:00,1467.3,1485.84,1466.35,1479.23,1172270
2/10/2020 16:00:00,1474.32,1509.5,1474.32,1508.68,1419876
2/11/2020 16:00:00,1511.81,1529.63,1505.64,1508.79,1344633
2/12/2020 16:00:00,1514.48,1520.7,1508.11,1518.27,1167565
2/13/2020 16:00:00,1512.69,1527.18,1504.6,1514.66,929730
2/14/2020 16:00:00,1515.6,1520.74,1507.34,1520.74,1197836
2/18/2020 16:00:00,1515,1531.63,1512.59,1519.67,1121140
2/19/2020 16:00:00,1525.07,1532.11,1521.4,1526.69,949268
2/20/2020 16:00:00,1522,1529.64,1506.82,1518.15,1096552
2/21/2020 16:00:00,1508.03,1512.22,1480.44,1485.11,1732273
2/24/2020 16:00:00,1426.11,1436.97,1411.39,1421.59,2867053
2/25/2020 16:00:00,1433,1438.14,1382.4,1388.45,2478278
2/26/2020 16:00:00,1396.14,1415.7,1379,1393.18,2204037
2/27/2020 16:00:00,1362.06,1371.7,1317.17,1318.09,2978300
2/28/2020 16:00:00,1277.5,1341.14,1271,1339.33,3790618
3/2/2020 16:00:00,1351.61,1390.87,1326.82,1389.11,2431468
3/3/2020 16:00:00,1399.42,1410.15,1332,1341.39,2402326
3/4/2020 16:00:00,1359.23,1388.09,1343.11,1386.52,1913315
3/5/2020 16:00:00,1350.2,1358.91,1305.1,1319.04,2561288
3/6/2020 16:00:00,1277.06,1306.22,1261.05,1298.41,2660628
3/9/2020 16:00:00,1205.3,1254.76,1200,1215.56,3365365
3/10/2020 16:00:00,1260,1281.15,1218.77,1280.39,2611373
3/11/2020 16:00:00,1249.7,1260.96,1196.07,1215.41,2611229
3/12/2020 16:00:00,1126,1193.87,1113.3,1114.91,4226748
3/13/2020 16:00:00,1179,1219.76,1117.14,1219.73,3700125
3/16/2020 16:00:00,1096,1152.27,1074.44,1084.33,4252365
3/17/2020 16:00:00,1093.11,1130.86,1056.01,1119.8,3861489
3/18/2020 16:00:00,1056.51,1106.5,1037.28,1096.8,4233435
3/19/2020 16:00:00,1093.05,1157.97,1060.11,1115.29,3651106
3/20/2020 16:00:00,1135.72,1143.99,1065.49,1072.32,3601750
3/23/2020 16:00:00,1061.32,1071.32,1013.54,1056.62,4044137
3/24/2020 16:00:00,1103.77,1135,1090.62,1134.46,3344450
3/25/2020 16:00:00,1126.47,1148.9,1086.01,1102.49,4081528
3/26/2020 16:00:00,1111.8,1169.97,1093.53,1161.75,3573755
3/27/2020 16:00:00,1125.67,1150.67,1105.91,1110.71,3208495
3/30/2020 16:00:00,1125.04,1151.63,1096.48,1146.82,2574061
3/31/2020 16:00:00,1147.3,1175.31,1138.14,1162.81,2487983
4/1/2020 16:00:00,1122,1129.69,1097.45,1105.62,2344173
4/2/2020 16:00:00,1098.26,1126.86,1096.4,1120.84,1964881
4/3/2020 16:00:00,1119.02,1123.54,1079.81,1097.88,2313400
4/6/2020 16:00:00,1138,1194.66,1130.94,1186.92,2664723
4/7/2020 16:00:00,1221,1225,1182.23,1186.51,2387329
4/8/2020 16:00:00,1206.5,1219.07,1188.16,1210.28,1975135
4/9/2020 16:00:00,1224.08,1225.57,1196.74,1211.45,2175421
4/13/2020 16:00:00,1209.18,1220.51,1187.6,1217.56,1739828
4/14/2020 16:00:00,1245.09,1282.07,1236.93,1269.23,2470353
4/15/2020 16:00:00,1245.61,1280.46,1240.4,1262.47,1671703
4/16/2020 16:00:00,1274.1,1279,1242.62,1263.47,2518099
4/17/2020 16:00:00,1284.85,1294.43,1271.23,1283.25,1949042
4/20/2020 16:00:00,1271,1281.6,1261.37,1266.61,1695488
4/21/2020 16:00:00,1247,1254.27,1209.71,1216.34,2153003
4/22/2020 16:00:00,1245.54,1285.61,1242,1263.21,2093140
4/23/2020 16:00:00,1271.55,1293.31,1265.67,1276.31,1566203
4/24/2020 16:00:00,1261.17,1280.4,1249.45,1279.31,1640394
4/27/2020 16:00:00,1296,1296.15,1269,1275.88,1600563
4/28/2020 16:00:00,1287.93,1288.05,1232.2,1233.67,2951309
4/29/2020 16:00:00,1341.46,1359.99,1325.34,1341.48,3793630
4/30/2020 16:00:00,1324.88,1352.82,1322.49,1348.66,2668906
5/1/2020 16:00:00,1328.5,1352.07,1311,1320.61,2072639
5/4/2020 16:00:00,1308.23,1327.66,1299,1326.8,1504017
5/5/2020 16:00:00,1337.92,1373.94,1337.46,1351.11,1651533
5/6/2020 16:00:00,1361.69,1371.12,1347.29,1347.3,1215423
5/7/2020 16:00:00,1365.94,1377.6,1355.27,1372.56,1399759
5/8/2020 16:00:00,1383.13,1398.76,1375.48,1388.37,1388068
5/11/2020 16:00:00,1378.28,1416.53,1377.15,1403.26,1412116
5/12/2020 16:00:00,1407.12,1415,1374.77,1375.74,1390600
5/13/2020 16:00:00,1377.05,1385.48,1328.4,1349.33,1812585
5/14/2020 16:00:00,1335.02,1357.42,1323.91,1356.13,1603077
5/15/2020 16:00:00,1350,1374.48,1339,1373.19,1707747
5/18/2020 16:00:00,1361.75,1392.33,1354.25,1383.94,1823964
5/19/2020 16:00:00,1387,1392,1373.49,1373.49,1280649
5/20/2020 16:00:00,1389.58,1410.42,1387.25,1406.72,1655375
5/21/2020 16:00:00,1408,1415.49,1393.45,1402.8,1385194
5/22/2020 16:00:00,1396.71,1412.76,1391.83,1410.42,1309408
5/26/2020 16:00:00,1437.27,1441,1412.13,1417.02,2060643
5/27/2020 16:00:00,1417.25,1421.74,1391.29,1417.84,1686142
5/28/2020 16:00:00,1396.86,1440.84,1396,1416.73,1693976
5/29/2020 16:00:00,1416.94,1432.57,1413.35,1428.92,1838059
6/1/2020 16:00:00,1418.39,1437.96,1418,1431.82,1217140
6/2/2020 16:00:00,1430.55,1439.61,1418.83,1439.22,1278128
6/3/2020 16:00:00,1438.3,1446.55,1429.78,1436.38,1256186
6/4/2020 16:00:00,1430.4,1438.96,1404.73,1412.18,1484272
6/5/2020 16:00:00,1413.17,1445.05,1406,1438.39,1735244
6/8/2020 16:00:00,1422.34,1447.99,1422.34,1446.61,1404178
6/9/2020 16:00:00,1445.36,1468,1443.21,1456.16,1409249
6/10/2020 16:00:00,1459.54,1474.26,1456.27,1465.85,1525153
6/11/2020 16:00:00,1442.48,1454.48,1402,1403.84,1991332
6/12/2020 16:00:00,1428.49,1437,1386.02,1413.18,1946367
6/15/2020 16:00:00,1390.8,1424.8,1387.92,1419.85,1506096
6/16/2020 16:00:00,1445.22,1455.02,1425.9,1442.72,1711614
6/17/2020 16:00:00,1447.16,1460,1431.38,1451.12,1549615
6/18/2020 16:00:00,1449.16,1451.41,1427.01,1435.96,1581916
6/19/2020 16:00:00,1444,1447.8,1421.35,1431.72,3157875
6/22/2020 16:00:00,1429,1452.75,1423.21,1451.86,1542440
6/23/2020 16:00:00,1455.64,1475.94,1445.24,1464.41,1429764
6/24/2020 16:00:00,1461.51,1475.42,1429.75,1431.97,1756022
6/25/2020 16:00:00,1429.9,1442.9,1420,1441.33,1230474
6/26/2020 16:00:00,1431.39,1433.45,1351.99,1359.9,4267698
6/29/2020 16:00:00,1358.18,1395.6,1347.01,1394.97,1810180
6/30/2020 16:00:00,1390.44,1418.65,1383.96,1413.61,2042381
7/1/2020 16:00:00,1411.1,1443,1409.82,1438.04,1775167
7/2/2020 16:00:00,1446.94,1482.95,1446.42,1464.7,1859480
7/6/2020 16:00:00,1480.06,1506.59,1472.86,1495.7,1563997
7/7/2020 16:00:00,1490,1516.8,1483.55,1485.18,1458172
7/8/2020 16:00:00,1494.32,1505.88,1485.63,1496,1249658
7/9/2020 16:00:00,1506.45,1522.72,1488.09,1510.99,1423322
7/10/2020 16:00:00,1506.15,1543.83,1496.54,1541.74,1856704
7/13/2020 16:00:00,1550,1577.13,1505.24,1511.34,1846424
7/14/2020 16:00:00,1490.31,1522.95,1483.5,1520.58,1585016
7/15/2020 16:00:00,1523.13,1535.33,1498,1513.64,1610684
7/16/2020 16:00:00,1500,1518.69,1486.31,1518,1519345
7/17/2020 16:00:00,1521.62,1523.44,1498.42,1515.55,1457010
7/20/2020 16:00:00,1515.26,1570.29,1503.6,1565.72,1557252
7/21/2020 16:00:00,1586.99,1586.99,1554.28,1558.42,1218645
7/22/2020 16:00:00,1560.5,1570,1546.1,1568.49,931985
7/23/2020 16:00:00,1566.97,1571.87,1507.39,1515.68,1627634
7/24/2020 16:00:00,1498.93,1517.64,1488.4,1511.87,1544404
7/27/2020 16:00:00,1515.6,1540.97,1515.21,1530.2,1245980
7/28/2020 16:00:00,1525.18,1526.48,1497.66,1500.34,1702174
7/29/2020 16:00:00,1506.32,1531.25,1501.33,1522.02,1106534
7/30/2020 16:00:00,1497,1537.87,1492.22,1531.45,1671396
7/31/2020 16:00:00,1505.01,1508.95,1454.03,1482.96,3429036
8/3/2020 16:00:00,1486.64,1490.47,1465.64,1474.45,2331514
8/4/2020 16:00:00,1476.57,1485.56,1458.65,1464.97,1903489
8/5/2020 16:00:00,1469.3,1482.41,1463.46,1473.61,1979957
8/6/2020 16:00:00,1471.75,1502.39,1466,1500.1,1995368
8/7/2020 16:00:00,1500,1516.85,1481.64,1494.49,1577826
8/10/2020 16:00:00,1487.18,1504.08,1473.08,1496.1,1289530
8/11/2020 16:00:00,1492.44,1510,1478,1480.32,1454365
8/12/2020 16:00:00,1485.58,1512.39,1485.25,1506.62,1437655
8/13/2020 16:00:00,1510.34,1537.25,1508.01,1518.45,1455208
8/14/2020 16:00:00,1515.66,1521.9,1502.88,1507.73,1355200
8/17/2020 16:00:00,1514.67,1525.61,1507.97,1517.98,1378600
8/18/2020 16:00:00,1526.18,1562.47,1523.71,1558.6,2027086
8/19/2020 16:00:00,1553.31,1573.68,1543.95,1547.53,1660611
8/20/2020 16:00:00,1543.45,1585.87,1538.2,1581.75,1706877
8/21/2020 16:00:00,1577.03,1597.72,1568.01,1580.42,1446453
8/24/2020 16:00:00,1593.98,1614.17,1580.57,1588.2,1410229
8/25/2020 16:00:00,1582.07,1611.62,1582.07,1608.22,2132084
8/26/2020 16:00:00,1608,1659.22,1603.6,1652.38,3581072
8/27/2020 16:00:00,1653.68,1655,1625.75,1634.33,1861602
8/28/2020 16:00:00,1633.49,1647.17,1630.75,1644.41,1499782
8/31/2020 16:00:00,1647.89,1647.97,1630.31,1634.18,1823406
9/1/2020 16:00:00,1636.63,1665.73,1632.22,1660.71,1826655
9/2/2020 16:00:00,1673.78,1733.18,1666.33,1728.28,2511180
9/3/2020 16:00:00,1709.71,1709.71,1615.06,1641.84,3107763
9/4/2020 16:00:00,1624.26,1645.11,1547.61,1591.04,2608568
9/8/2020 16:00:00,1533.51,1563.87,1528.01,1532.39,2610884
9/9/2020 16:00:00,1557.53,1569,1536.05,1556.96,1774704
9/10/2020 16:00:00,1560.64,1584.08,1525.81,1532.02,1618557
9/11/2020 16:00:00,1536,1575.2,1497.36,1520.72,1597087
9/14/2020 16:00:00,1539.01,1564,1515.74,1519.28,1696589
9/15/2020 16:00:00,1536,1559.57,1531.84,1541.44,1331082
9/16/2020 16:00:00,1555.54,1562,1519.82,1520.9,1312299
9/17/2020 16:00:00,1496,1508.3,1470,1495.53,1879751
9/18/2020 16:00:00,1498.01,1503,1437.13,1459.99,3103882
9/21/2020 16:00:00,1440.06,1448.36,1406.55,1431.16,2888827
9/22/2020 16:00:00,1450.09,1469.52,1434.53,1465.46,1583201
9/23/2020 16:00:00,1458.78,1460.96,1407.7,1415.21,1657350
9/24/2020 16:00:00,1411.03,1443.71,1409.85,1428.29,1450216
9/25/2020 16:00:00,1432.63,1450,1413.34,1444.96,1323375
9/28/2020 16:00:00,1474.21,1476.8,1449.3,1464.52,2007941
9/29/2020 16:00:00,1470.39,1476.66,1458.81,1469.33,979102
9/30/2020 16:00:00,1466.8,1489.75,1459.88,1469.6,1701608
10/1/2020 16:00:00,1484.27,1499.04,1479.21,1490.09,1779497
10/2/2020 16:00:00,1462.03,1483.2,1450.92,1458.42,1284071
10/5/2020 16:00:00,1466.21,1488.21,1464.27,1486.02,1113257
10/6/2020 16:00:00,1475.58,1486.76,1448.59,1453.44,1245423
10/7/2020 16:00:00,1464.29,1468.96,1436,1460.29,1746156
10/8/2020 16:00:00,1465.09,1490,1465.09,1485.93,1187831
10/9/2020 16:00:00,1494.7,1516.52,1489.45,1515.22,1435542
10/12/2020 16:00:00,1543,1593.86,1532.57,1569.15,2482560
10/13/2020 16:00:00,1583.73,1590,1563.2,1571.68,1601043
10/14/2020 16:00:00,1578.59,1587.68,1550.53,1568.08,1930990
10/15/2020 16:00:00,1547.15,1575.11,1545.03,1559.13,1540817
10/16/2020 16:00:00,1565.85,1581.13,1563,1573.01,1435137
10/19/2020 16:00:00,1580.46,1588.15,1528,1534.61,1607075
10/20/2020 16:00:00,1527.05,1577.5,1525.67,1555.93,2242572
10/21/2020 16:00:00,1573.33,1618.73,1571.63,1593.31,2568345
10/22/2020 16:00:00,1593.05,1621.99,1585,1615.33,1434042
10/23/2020 16:00:00,1626.07,1642.36,1620.51,1641,1375844
10/26/2020 16:00:00,1625.01,1638.24,1576.5,1590.45,1853254
10/27/2020 16:00:00,1595.67,1606.85,1582.78,1604.26,1229002
10/28/2020 16:00:00,1559.74,1561.35,1514.62,1516.62,1833959
10/29/2020 16:00:00,1522.36,1593.71,1522.24,1567.24,2003064
10/30/2020 16:00:00,1672.11,1687,1604.46,1621.01,4330862
11/2/2020 16:00:00,1628.16,1660.77,1616.03,1626.03,2535446
11/3/2020 16:00:00,1631.78,1661.7,1616.62,1650.21,1661653
11/4/2020 16:00:00,1710.28,1771.37,1706.03,1749.13,3570927
11/5/2020 16:00:00,1781,1793.64,1750.51,1763.37,2065812
11/6/2020 16:00:00,1753.95,1772.43,1740.35,1761.75,1661225
11/9/2020 16:00:00,1790.9,1818.06,1760.02,1763,2268270
11/10/2020 16:00:00,1731.09,1763,1717.3,1740.39,2636142
11/11/2020 16:00:00,1750,1764.22,1747.37,1752.71,1263966
11/12/2020 16:00:00,1747.63,1768.27,1745.6,1749.84,1248754
11/13/2020 16:00:00,1757.63,1781.04,1744.55,1777.02,1500574
11/16/2020 16:00:00,1771.7,1799.07,1767.69,1781.38,1246785
11/17/2020 16:00:00,1776.94,1785,1767,1770.15,1147114
11/18/2020 16:00:00,1765.23,1773.47,1746.14,1746.78,1173466
11/19/2020 16:00:00,1738.38,1769.59,1737.01,1763.92,1249910
11/20/2020 16:00:00,1765.21,1774,1741.86,1742.19,2313655
11/23/2020 16:00:00,1749.6,1753.9,1717.72,1734.86,2161975
11/24/2020 16:00:00,1730.5,1771.6,1727.69,1768.88,1579703
11/25/2020 16:00:00,1772.89,1778.54,1756.54,1771.43,1046122
11/27/2020 13:00:00,1773.09,1804,1772.44,1793.19,884916
11/30/2020 16:00:00,1781.18,1788.07,1755,1760.74,1823836
12/1/2020 16:00:00,1774.37,1824.83,1769.37,1798.1,1739045
12/2/2020 16:00:00,1798.1,1835.65,1789.47,1827.95,1222032
12/3/2020 16:00:00,1824.01,1847.2,1822.65,1826.77,1227298
12/4/2020 16:00:00,1824.52,1833.16,1816.99,1827.99,1378166
12/7/2020 16:00:00,1819,1832.37,1805.78,1819.48,1320946
12/8/2020 16:00:00,1810.1,1821.9,1796.2,1818.55,1096319
12/9/2020 16:00:00,1812.01,1834.27,1767.81,1784.13,1507558
12/10/2020 16:00:00,1769.8,1781.31,1740.32,1775.33,1362848
12/11/2020 16:00:00,1763.06,1784.45,1760,1781.77,1220651
12/14/2020 16:00:00,1775,1797.39,1757.22,1760.06,1600173
12/15/2020 16:00:00,1764.42,1771.42,1749.95,1767.77,1482261
12/16/2020 16:00:00,1772.88,1773,1756.08,1763,1513543
12/17/2020 16:00:00,1768.51,1771.78,1738.66,1747.9,1624744
12/18/2020 16:00:00,1754.18,1755.11,1720.22,1731.01,4016353
12/21/2020 16:00:00,1713.51,1740.85,1699,1739.37,1828378
12/22/2020 16:00:00,1734.43,1737.41,1712.58,1723.5,938346
12/23/2020 16:00:00,1728.11,1747.99,1725.04,1732.38,1033917
12/24/2020 13:00:00,1735,1746,1729.11,1738.85,346753
12/28/2020 16:00:00,1751.64,1790.73,1746.34,1776.09,1393033
12/29/2020 16:00:00,1787.79,1792.44,1756.09,1758.72,1299395
12/30/2020 16:00:00,1762.01,1765.1,1725.6,1739.52,1306130
12/31/2020 16:00:00,1735.42,1758.93,1735.42,1751.88,1012240
1/4/2021 16:00:00,1757.54,1760.65,1707.85,1728.24,1901855
1/5/2021 16:00:00,1725,1747.67,1718.02,1740.92,1145347
1/6/2021 16:00:00,1702.63,1748,1699,1735.29,2602114
1/7/2021 16:00:00,1740.06,1788.4,1737.05,1787.25,2265022
1/8/2021 16:00:00,1787.98,1809.84,1773.54,1807.21,2051002
1/11/2021 16:00:00,1786.07,1794.32,1760.52,1766.72,1209735
1/12/2021 16:00:00,1753.92,1778.04,1725.31,1746.55,1357691
1/13/2021 16:00:00,1738.58,1765.04,1738.01,1754.4,1094131
1/14/2021 16:00:00,1753.62,1775.01,1733.4,1740.18,1179477
1/15/2021 16:00:00,1738.19,1756,1721.55,1736.19,1342170
1/19/2021 16:00:00,1752.25,1809.28,1741.46,1790.86,1734614
1/20/2021 16:00:00,1831.46,1903.71,1825.53,1886.9,2490258
1/21/2021 16:00:00,1898,1934.86,1887.11,1891.25,2063932
1/22/2021 16:00:00,1895.68,1910.95,1881.76,1901.05,1272232
1/25/2021 16:00:00,1920.67,1929.58,1867.53,1899.4,1927320
1/26/2021 16:00:00,1888.84,1925,1884.25,1917.24,1313139
1/27/2021 16:00:00,1882.53,1890,1809,1830.79,2748292
1/28/2021 16:00:00,1843.94,1898.83,1842.64,1863.11,1773138
1/29/2021 16:00:00,1846.17,1857.28,1810.2,1835.74,1612552
2/1/2021 16:00:00,1853.57,1922.39,1850.93,1901.35,1602182
2/2/2021 16:00:00,1922.56,1955.76,1914.49,1927.51,2273723
2/3/2021 16:00:00,2073,2116.5,2018.38,2070.07,4118170
2/4/2021 16:00:00,2068.89,2078.55,2042.59,2062.37,1852329
2/5/2021 16:00:00,2070,2102.51,2059.33,2098,1535135
2/8/2021 16:00:00,2105.91,2123.55,2072,2092.91,1242411
2/9/2021 16:00:00,2078.54,2105.13,2078.54,2083.51,889850
2/10/2021 16:00:00,2094.21,2108.37,2063.09,2095.38,1135464
2/11/2021 16:00:00,2099.51,2102.03,2077.32,2095.89,945650
2/12/2021 16:00:00,2090.25,2108.82,2083.13,2104.11,855865
2/16/2021 16:00:00,2104.36,2152.68,2104.36,2121.9,1133838
2/17/2021 16:00:00,2100,2133.66,2098.92,2128.31,1070941
2/18/2021 16:00:00,2110.39,2132.74,2103.71,2117.2,1121855
2/19/2021 16:00:00,2119.27,2130.53,2097.41,2101.14,1457612
2/22/2021 16:00:00,2067,2091.42,2062.14,2064.88,1367533
2/23/2021 16:00:00,2025.01,2082.01,2002.02,2070.86,1667377
2/24/2021 16:00:00,2041.83,2100.78,2038.13,2095.17,1248349
2/25/2021 16:00:00,2067.45,2094.88,2021.29,2031.36,1828432
2/26/2021 16:00:00,2050.52,2071.01,2016.06,2036.86,2083801
3/1/2021 16:00:00,2056.52,2086.52,2046.1,2081.51,1405115
3/2/2021 16:00:00,2076.19,2104.37,2071.26,2075.84,1134595
3/3/2021 16:00:00,2067.21,2088.52,2010,2026.71,1484181
3/4/2021 16:00:00,2023.37,2089.24,2020.27,2049.09,2118006
3/5/2021 16:00:00,2073.12,2118.11,2046.42,2108.54,2195218
3/8/2021 16:00:00,2101.13,2128.81,2021.61,2024.17,1647429
3/9/2021 16:00:00,2070,2078.04,2047.83,2052.7,1697306
3/10/2021 16:00:00,2071.76,2075,2033.37,2055.03,1268592
3/11/2021 16:00:00,2074.06,2125.7,2072.38,2114.77,1239080
3/12/2021 16:00:00,2085,2090.26,2047.55,2061.92,1725794
3/15/2021 16:00:00,2062.3,2067.06,2043.51,2066.49,1298325
3/16/2021 16:00:00,2078.99,2123.56,2070,2092.52,1491564
3/17/2021 16:00:00,2076.03,2109.78,2054,2091.08,1299016
3/18/2021 16:00:00,2061,2075.5,2033.55,2036.22,1362430
3/19/2021 16:00:00,2042.05,2053.1,2017.68,2043.2,2314893
3/22/2021 16:00:00,2041.84,2057.99,2026.07,2038.59,1954816
3/23/2021 16:00:00,2051.7,2072.3,2039.22,2052.96,1366997
3/24/2021 16:00:00,2065.37,2078.21,2041.56,2045.06,1154029
3/25/2021 16:00:00,2044.81,2058.87,2010.73,2044.36,1418907
3/26/2021 16:00:00,2038.86,2050.99,2014.02,2035.55,1493800
3/29/2021 16:00:00,2027.88,2058.43,2015.62,2055.95,1229777
3/30/2021 16:00:00,2057.63,2070.78,2044.03,2055.54,1036774
3/31/2021 16:00:00,2059.12,2093.33,2056.75,2068.63,1459930
4/1/2021 16:00:00,2097.95,2142.94,2096.89,2137.75,1698978
4/5/2021 16:00:00,2152.94,2237.31,2151.62,2225.55,2164875
4/6/2021 16:00:00,2222.5,2237.66,2214.8,2224.75,1353036
4/7/2021 16:00:00,2226.13,2255,2225.33,2249.68,1289861
4/8/2021 16:00:00,2277.96,2284.01,2257.68,2265.44,1358259
4/9/2021 16:00:00,2256.7,2289.04,2253.71,2285.88,1044365
4/12/2021 16:00:00,2266.25,2275.32,2238.47,2254.79,1565851
4/13/2021 16:00:00,2261.47,2277.21,2256.09,2267.27,1165804
4/14/2021 16:00:00,2275.16,2277.99,2249.19,2254.84,1010967
4/15/2021 16:00:00,2276.98,2306.6,2266,2296.66,1373612
4/16/2021 16:00:00,2303,2306.44,2284.45,2297.76,1130090
4/19/2021 16:00:00,2291.98,2318.45,2287.84,2302.4,1234445
4/20/2021 16:00:00,2307.89,2309.6,2271.71,2293.63,1088749
4/21/2021 16:00:00,2285.25,2295.32,2258.57,2293.29,1196731
4/22/2021 16:00:00,2293.23,2303.76,2256.45,2267.92,1054808